campaign_1,campaign_2,overlap_count
P80000722~2020,S0AL00230~2020,51
P80000722~2020,H0TX32087~2020,27
P80000722~2020,P80001571~2020,3837
P80000722~2020,H0MD07197~2020,210
P80000722~2020,S6ME00159~2020,529
P80000722~2020,S4CO00395~2020,280
P80000722~2020,H8MO09153~2022,18
P80000722~2020,S4LA00107~2020,51
P80000722~2020,S8AZ00221~2020,594
P80000722~2020,H6AK00045~2020,43
P80000722~2020,H4MI07103~2020,14
P80000722~2020,H4NY21079~2020,283
P80000722~2020,H0WI03175~2022,30
P80000722~2020,H8OH12180~2020,6
P80000722~2020,S4SC00240~2022,272
P80000722~2020,H8OH05036~2020,3
P80000722~2020,S6AL00195~2020,31
P80000722~2020,S4NC00162~2020,277
P80000722~2020,S0SC00149~2020,861
P80000722~2020,H0GA07273~2020,23
P80000722~2020,H0IN02190~2020,8
P80000722~2020,S0UT00165~2022,14
P80000722~2020,S4GA11285~2020,987
P80000722~2020,H0LA01087~2022,25
P80000722~2020,S2MT00096~2020,324
P80000722~2020,S2AZ00356~2022,14
P80000722~2020,H6CA22125~2020,227
P80000722~2020,H2NY14094~2022,14
P80000722~2020,S0GA00526~2020,969
P80000722~2020,S8MI00372~2020,449
P80000722~2020,S2GA00225~2022,125
P80000722~2020,S4IA00129~2020,378
P80000722~2020,H8FL27185~2020,55
P80000722~2020,S0KS00257~2020,28
P80000722~2020,S4LA00065~2022,98
P80000722~2020,H2VA10182~2022,3
P80000722~2020,H0NJ07261~2020,34
P80000722~2020,H4WA05077~2020,33
P80000722~2020,H0TX07170~2020,81
P80000722~2020,H0LA01087~2020,238
P80000722~2020,S0NM00124~2020,17
P80000722~2020,H8TX06266~2022,75
P80000722~2020,H0NC11233~2020,88
P80000722~2020,H0MN05178~2020,263
P80000722~2020,H0KS03244~2020,1
P80000722~2020,H0OR04107~2020,39
P80000722~2020,H2TX32109~2022,3
P80000722~2020,H6IL18088~2020,4
P80000722~2020,S2MO00585~2022,27
P80000722~2020,H6WY00159~2020,38
P80000722~2020,H6OH04082~2022,24
P80000722~2020,S2PA00505~2022,25
P80000722~2020,H0NV03132~2020,38
P80000722~2020,H8CA20059~2020,116
P80000722~2020,S0FL00338~2022,162
P80000722~2020,H0CA43108~2020,147
P80000722~2020,H8TX02166~2020,78
P80000722~2020,H6FL18097~2020,51
P80000722~2020,H2FL14186~2022,14
P80000722~2020,S0VA00146~2020,22
P80000722~2020,H8CA39240~2022,64
P80000722~2020,S2NC00505~2022,9
P80000722~2020,H0MI03290~2020,11
P80000722~2020,H0OH06189~2020,7
P80000722~2020,H0IN05326~2022,11
P80000722~2020,H8FL27185~2022,44
P80000722~2020,H0CA48198~2020,67
P80000722~2020,H2OH02085~2020,14
P80000722~2020,S2TX00106~2020,204
P80000722~2020,H6FL02208~2020,7
P80000722~2020,H2PA04135~2020,35
P80000722~2020,H6NE02125~2020,37
P80000722~2020,H2WA08208~2022,6
P80000722~2020,S2KY00012~2020,825
P80000722~2020,H0MN01045~2020,41
P80000722~2020,H0NY14270~2020,34
P80000722~2020,H0NC09187~2020,27
P80000722~2020,H0TX24209~2022,27
P80000722~2020,H8VA05171~2020,14
P80000722~2020,H0CO06119~2020,3
P80000722~2020,S8MS00261~2020,24
P80000722~2020,H2CA20094~2020,47
P80000722~2020,S0KS00315~2020,41
P80000722~2020,H8NJ02166~2020,76
P80000722~2020,H2NY14128~2022,6
P80000722~2020,S4AR00103~2020,93
P80000722~2020,H0CO03165~2020,50
P80000722~2020,H2VA07170~2022,20
P80000722~2020,H0IL06060~2020,46
P80000722~2020,H8IA02043~2020,28
P80000722~2020,H0NH01282~2020,40
P80000722~2020,H0IA01174~2020,49
P80000722~2020,H0VA07158~2020,39
P80000722~2020,H4NY22051~2020,70
P80000722~2020,H6CA22125~2022,115
P80000722~2020,H6OH04082~2020,143
P80000722~2020,H2SC07256~2022,17
P80000722~2020,H0FL13158~2020,61
P80000722~2020,S4GA11285~2022,172
P80000722~2020,H8OH16108~2020,22
P80000722~2020,H8MS03125~2020,6
P80000722~2020,H2TN05339~2022,3
P80000722~2020,S0IA00028~2022,26
P80000722~2020,H4NY22051~2022,54
P80000722~2020,H0MN02134~2020,11
P80000722~2020,H0IL17083~2020,30
P80000722~2020,H0FL15104~2020,7
P80000722~2020,H0WA03187~2022,680
P80000722~2020,H8KS04112~2022,7
P80000722~2020,H2NC08185~2020,24
P80000722~2020,H0MI11129~2020,7
P80000722~2020,H0CA25105~2020,82
P80000722~2020,S2NV00308~2022,17
P80000722~2020,S0KY00156~2022,112
P80000722~2020,S2AZ00372~2022,24
P80000722~2020,H4NY21079~2022,82
P80000722~2020,S2MO00536~2022,32
P80000722~2020,H8CA39240~2020,130
P80000722~2020,H0NY11078~2022,36
P80000722~2020,H8WV03097~2020,24
P80000722~2020,H8CA20059~2022,43
P80000722~2020,H0TX07170~2022,26
P80000722~2020,H2MO02102~2020,46
P80000722~2020,H0VA02118~2020,32
P80000722~2020,H6FL18097~2022,74
P80000722~2020,H8TX02166~2022,54
P80000722~2020,H2OH16051~2022,15
P80000722~2020,H0UT04076~2020,70
P80000722~2020,H0FL13158~2022,22
P80000722~2020,H0IA01174~2022,30
P80000722~2020,H8FL06148~2020,10
P80000722~2020,H0FL26036~2020,19
P80000722~2020,H0SC01394~2020,51
P80000722~2020,H0FL09115~2022,3
P80000722~2020,H8IL14083~2020,42
P80000722~2020,H2IL13120~2022,33
P80000722~2020,H8NY01148~2020,64
P80000722~2020,H2SC02059~2022,11
P80000722~2020,H8GA06286~2020,40
P80000722~2020,H6MI04113~2020,48
P80000722~2020,H4NY24073~2020,37
P80000722~2020,H2GA12121~2022,3
P80000722~2020,H6LA03148~2020,6
P80000722~2020,H6GA03113~2020,7
P80000722~2020,H0PA08221~2020,17
P80000722~2020,H0OK05205~2020,38
P80000722~2020,H8IA02043~2022,34
P80000722~2020,H0WA08103~2020,13
P80000722~2020,H0OK05205~2022,14
P80000722~2020,H0UT04076~2022,18
P80000722~2020,S0VA00179~2020,6
P80000722~2020,H0TX16106~2022,1
P80000722~2020,H4AR02141~2022,6
P80000722~2020,S2AK00127~2022,13
P80000722~2020,H6PA08277~2020,75
P80000722~2020,H8CA49108~2022,2
P80000722~2020,H0NC11233~2022,22
P80000722~2020,H0AZ01259~2020,3
P80000722~2020,S4WV00159~2020,42
P80000722~2020,H0TX13228~2022,42
P80000722~2020,H0CA25105~2022,30
P80000722~2020,H2CA20094~2022,103
P80000722~2020,H2UT02324~2020,6
P80000722~2020,H2AZ09175~2022,1
P80000722~2020,H0MI13471~2020,15
P80000722~2020,H2UT02324~2022,9
P80000722~2020,H0WI05113~2020,6
P80000722~2020,H0VA10186~2020,17
P80000722~2020,H0TX13228~2020,26
P80000722~2020,H4NC05146~2020,23
P80000722~2020,H0CO03165~2022,34
P80000722~2020,H8NJ02166~2022,19
P80000722~2020,H0MS04120~2020,4
P80000722~2020,H0GA06192~2022,24
P80000722~2020,S0WY00137~2020,8
P80000722~2020,H2AZ01354~2022,15
P80000722~2020,H2NC08185~2022,18
P80000722~2020,H0OR04107~2022,15
P80000722~2020,S0MN00328~2020,87
P80000722~2020,H8FL17053~2022,2
P80000722~2020,H2MO02102~2022,17
P80000722~2020,S2NC00489~2022,28
P80000722~2020,H2TX08182~2022,25
P80000722~2020,H2CA49242~2022,3
P80000722~2020,S0MO00183~2022,3
P80000722~2020,H0WA03187~2020,69
P80000722~2020,H8TX21307~2020,30
P80000722~2020,H2MI07123~2022,7
P80000722~2020,H0NY02234~2022,26
P80000722~2020,H0FL26036~2022,23
P80000722~2020,H0FL03159~2020,3
P80000722~2020,H0NV04015~2020,21
P80000722~2020,S8AL00381~2022,7
P80000722~2020,H0MN07091~2020,29
P80000722~2020,H8PA18199~2020,9
P80000722~2020,H0NJ02155~2020,8
P80000722~2020,H2IL13120~2020,31
P80000722~2020,H0TX22302~2022,11
P80000722~2020,H4MT00050~2020,38
P80000722~2020,H4TX10093~2020,32
P80000722~2020,H8OH01043~2022,18
P80000722~2020,H6NE02125~2022,27
P80000722~2020,H8IN06129~2020,6
P80000722~2020,H0SC01394~2022,69
P80000722~2020,S0WI00197~2022,23
P80000722~2020,H0TX24209~2020,30
P80000722~2020,H0KS02188~2020,7
P80000722~2020,H8ID02064~2022,4
P80000722~2020,H8TN07076~2022,4
P80000722~2020,H0CA48198~2022,37
P80000722~2020,H4NY24073~2022,21
P80000722~2020,H0WI03175~2020,11
P80000722~2020,H4WV02080~2022,7
P80000722~2020,H0TX22302~2020,18
P80000722~2020,H8OH01043~2020,34
P80000722~2020,H8AZ08158~2020,28
P80000722~2020,H6PA08277~2022,53
P80000722~2020,H0MN03124~2020,12
P80000722~2020,H2IA05072~2020,2
P80000722~2020,H0NC09187~2022,2
P80000722~2020,H0TX15124~2022,22
P80000722~2020,H2OH03067~2020,11
P80000722~2020,H0KY06104~2020,32
P80000722~2020,H6MS01131~2022,6
P80000722~2020,H0NY02267~2020,2
P80000722~2020,H2GA06172~2022,6
P80000722~2020,H8KS02199~2020,24
P80000722~2020,H6OH08315~2020,9
P80000722~2020,H4MO08162~2020,1
P80000722~2020,H6AK00045~2022,13
P80000722~2020,H8PA05071~2022,6
P80000722~2020,H8NM02156~2020,39
P80000722~2020,S0GA00567~2020,21
P80000722~2020,H0TX35015~2020,13
P80000722~2020,S4OK00232~2022,24
P80000722~2020,H0WA08103~2022,4
P80000722~2020,H0IL17083~2022,9
P80000722~2020,H8FL15230~2020,16
P80000722~2020,H8AL02171~2020,4
P80000722~2020,H0MI08141~2020,20
P80000722~2020,H0SC03077~2022,6
P80000722~2020,H0IL11052~2020,41
P80000722~2020,S2NC00588~2022,2
P80000722~2020,H0FL03175~2020,9
P80000722~2020,H0CA26145~2020,1
P80000722~2020,H2MO04140~2022,9
P80000722~2020,H8PA18199~2022,10
P80000722~2020,H0IL15129~2020,5
P80000722~2020,H0MI03308~2022,206
P80000722~2020,H2SC02059~2020,14
P80000722~2020,H2KY05151~2022,1
P80000722~2020,H6MS01131~2020,7
P80000722~2020,H6FL13148~2020,5
P80000722~2020,H6FL01119~2022,3
P80000722~2020,H0NY11078~2020,43
P80000722~2020,H0MN01045~2022,22
P80000722~2020,S0KS00091~2022,6
P80000722~2020,H2OH14064~2020,4
P80000722~2020,S0TN00169~2020,22
P80000722~2020,H0PA03271~2022,2
P80000722~2020,H6IN03229~2020,6
P80000722~2020,H2AZ09142~2022,3
P80000722~2020,S8ID00027~2022,10
P80000722~2020,H0VA10160~2020,4
P80000722~2020,H2MN05166~2022,26
P80000722~2020,H4IA03115~2020,23
P80000722~2020,H0TX32079~2020,5
P80000722~2020,H4ME02234~2022,2
P80000722~2020,H0CA28182~2020,24
P80000722~2020,H0KS01123~2020,5
P80000722~2020,H4MN06087~2020,29
P80000722~2020,H0VA05160~2020,1
P80000722~2020,H0NY02234~2020,29
P80000722~2020,S4SD00049~2020,19
P80000722~2020,S2NV00324~2022,12
P80000722~2020,H8PA10147~2022,2
P80000722~2020,H0IN08114~2020,5
P80000722~2020,H0IL11052~2022,1462
P80000722~2020,H0CA43108~2022,18
P80000722~2020,H6PR00082~2020,10
P80000722~2020,H4CA45089~2020,19
P80000722~2020,H8VA06104~2020,2
P80000722~2020,S8ID00092~2020,8
P80000722~2020,H0IL14197~2020,16
P80000722~2020,H2NJ05311~2022,2
P80000722~2020,H0OR02127~2020,4
P80000722~2020,H2OH15160~2022,10
P80000722~2020,S2PA00471~2022,1
P80000722~2020,H8AZ08158~2022,5
P80000722~2020,H6WY00159~2022,1094
P80000722~2020,H8CA10209~2020,2
P80000722~2020,S4AK00214~2020,74
P80000722~2020,H6WI08155~2022,23
P80000722~2020,H2OH02085~2022,14
P80000722~2020,H4AR04048~2020,5
P80000722~2020,H0NY03083~2020,22
P80000722~2020,H0NY27090~2022,5
P80000722~2020,H2NC07096~2020,2
P80000722~2020,H0VA11127~2020,3
P80000722~2020,H2NH01288~2022,3
P80000722~2020,H8FL06148~2022,23
P80000722~2020,H8VA01147~2022,11
P80000722~2020,S2NC00307~2022,2
P80000722~2020,H8NM02156~2022,14
P80000722~2020,H6MI04113~2022,123
P80000722~2020,H0KY06104~2022,8
P80000722~2020,H0GA06192~2020,7
P80000722~2020,H4IL12060~2020,6
P80000722~2020,H2TX31044~2020,35
P80000722~2020,H0PA07132~2020,14
P80000722~2020,H0FL24205~2022,8
P80000722~2020,H4GA11061~2020,4
P80000722~2020,H0MN07091~2022,6
P80000722~2020,S4NE00090~2020,54
P80000722~2020,H8AZ01237~2020,2
P80000722~2020,H6WI08155~2020,18
P80000722~2020,H0AL01055~2022,2
P80000722~2020,H6MI01226~2020,32
P80000722~2020,H4WA04104~2022,120
P80000722~2020,H2NY03139~2022,1
P80000722~2020,H6TX02079~2020,10
P80000722~2020,H2VA02064~2022,1
P80000722~2020,H8OH05036~2022,1
P80000722~2020,H4AZ06045~2020,3
P80000722~2020,H6CO03139~2020,21
P80000722~2020,H2LA05126~2022,9
P80000722~2020,H0NH01282~2022,9
P80000722~2020,S2PA00489~2022,15
P80000722~2020,H4MN06087~2022,11
P80000722~2020,H8TX03123~2022,5
P80000722~2020,H0TX11230~2020,3
P80000722~2020,H6IL18088~2022,5
P80000722~2020,H0NV04056~2020,6
P80000722~2020,H0TX35015~2022,22
P80000722~2020,S2MO00544~2022,4
P80000722~2020,S0NH00326~2022,5
P80000722~2020,H4WA04104~2020,7
P80000722~2020,H0ME02083~2020,12
P80000722~2020,H2IA03119~2022,4
P80000722~2020,S2GA00183~2022,1
P80000722~2020,H8OH15076~2020,5
P80000722~2020,H0IA04145~2022,6
P80000722~2020,S2WA00387~2022,12
P80000722~2020,H2ME01131~2022,2
P80000722~2020,H0NJ07261~2022,9
P80000722~2020,H0NY19204~2020,2
P80000722~2020,H0UT01205~2020,8
P80000722~2020,S6IN00191~2022,33
P80000722~2020,H6TX12060~2020,23
P80000722~2020,S0MA00232~2020,35
P80000722~2020,H0MN05251~2020,22
P80000722~2020,H0NJ09200~2022,7
P80000722~2020,H6IN03229~2022,5
P80000722~2020,H8IN06129~2022,1
P80000722~2020,H2OK02083~2020,1
P80000722~2020,H2TX34113~2022,2
P80000722~2020,H6CA44145~2022,7
P80000722~2020,H0MI10287~2022,11
P80000722~2020,S2PA00638~2022,29
P80000722~2020,H4IL12060~2022,7
P80000722~2020,S0TN00144~2020,8
P80000722~2020,H8KY02031~2020,5
P80000722~2020,H0MI03308~2020,10
P80000722~2020,S0ND00093~2022,1
P80000722~2020,H0NY03083~2022,5
P80000722~2020,H6LA03148~2022,9
P80000722~2020,H4WA05077~2022,5
P80000722~2020,H0PA07132~2022,1
P80000722~2020,S4AK00099~2022,235
P80000722~2020,H0KS03236~2022,1
P80000722~2020,H8SC04250~2020,7
P80000722~2020,S2MO00593~2022,4
P80000722~2020,H8TX03123~2020,10
P80000722~2020,H4TX10093~2022,10
P80000722~2020,S2PA00380~2022,14
P80000722~2020,S4OK00083~2020,15
P80000722~2020,H0OR02150~2020,38
P80000722~2020,H8CA49108~2020,6
P80000722~2020,H0TN01118~2022,5
P80000722~2020,H2CA01177~2022,9
P80000722~2020,H2TX31044~2022,15
P80000722~2020,H6AZ05083~2020,2
P80000722~2020,S2OH00360~2022,5
P80000722~2020,S0NH00334~2020,11
P80000722~2020,H0IN05326~2020,10
P80000722~2020,H8SC05158~2020,5
P80000722~2020,H0TX04219~2020,3
P80000722~2020,H4MI07103~2022,8
P80000722~2020,H0KS02188~2022,4
P80000722~2020,H4TX04039~2020,2
P80000722~2020,H4CO04090~2022,5
P80000722~2020,S2MD00552~2022,2
P80000722~2020,H2NV03161~2022,9
P80000722~2020,H2SC07066~2022,48
P80000722~2020,H2FL21090~2022,8
P80000722~2020,H8OH16124~2020,3
P80000722~2020,H6FL13148~2022,5
P80000722~2020,H0MO06073~2020,1
P80000722~2020,H0KS03236~2020,9
P80000722~2020,S8OH00086~2022,8
P80000722~2020,S0NH00326~2020,8
P80000722~2020,H2PA04135~2022,15
P80000722~2020,H0PA08205~2020,6
P80000722~2020,H0PA08221~2022,2
P80000722~2020,S0AR00150~2022,24
P80000722~2020,H2NY19127~2022,7
P80000722~2020,H0MI02094~2022,2
P80000722~2020,H0WI07127~2020,11
P80000722~2020,H4AR04048~2022,5
P80000722~2020,H2WY00166~2022,5
P80000722~2020,H8TN07076~2020,6
P80000722~2020,H8VA01147~2020,12
P80000722~2020,S2OK00111~2022,2
P80000722~2020,H0MI10287~2020,4
P80000722~2020,H4MI04126~2020,2
P80000722~2020,H0NC11258~2020,13
P80000722~2020,H4NC10047~2022,1
P80000722~2020,H6LA04138~2022,3
P80000722~2020,H2AZ01339~2022,4
P80000722~2020,H2GA09150~2020,9
P80000722~2020,H2NH01270~2022,4
P80000722~2020,H2NY18087~2022,1
P80000722~2020,H2VA07154~2022,16
P80000722~2020,S2AZ00349~2022,6
P80000722~2020,H0FL10113~2022,1
P80000722~2020,H4WV02080~2020,3
P80000722~2020,S0KS00299~2020,3
P80000722~2020,H0FL13133~2020,13
P80000722~2020,H0MO07113~2022,2
P80000722~2020,H2MN03104~2022,2
P80000722~2020,H2FL07180~2022,2
P80000722~2020,H6FL01119~2020,4
P80000722~2020,H2WA03100~2022,8
P80000722~2020,H0WI03159~2020,1
P80000722~2020,H0TN01118~2020,8
P80000722~2020,H0CA03128~2022,7
P80000722~2020,S2SD00068~2022,13
P80000722~2020,H2CA45158~2022,9
P80000722~2020,H8DE01044~2020,2
P80000722~2020,H4GA01039~2022,6
P80000722~2020,H0NY27090~2020,7
P80000722~2020,H0VA07133~2020,5
P80000722~2020,H6AL04098~2020,2
P80000722~2020,H0NM02229~2020,2
P80000722~2020,H0MA05132~2020,2
P80000722~2020,H0NJ09200~2020,3
P80000722~2020,H8OH12180~2022,1
P80000722~2020,H8MN08043~2020,4
P80000722~2020,H0AL01055~2020,2
P80000722~2020,H0OK05247~2020,1
P80000722~2020,S2GA00175~2022,5
P80000722~2020,H0CA08135~2020,11
P80000722~2020,H8FL17053~2020,4
P80000722~2020,H2MT02050~2022,8
P80000722~2020,H0NJ07279~2020,3
P80000722~2020,H0ME02075~2020,1
P80000722~2020,H0KS03228~2020,4
P80000722~2020,H0AL02145~2020,3
P80000722~2020,H8WI01156~2020,2
P80000722~2020,H2IL16107~2022,10
P80000722~2020,H0CA37167~2020,6
P80000722~2020,H0IA04145~2020,11
P80000722~2020,H4NE01064~2020,10
P80000722~2020,H0ME01119~2020,1
P80000722~2020,S2OH00477~2022,18
P80000722~2020,H0FL07150~2020,23
P80000722~2020,H0FL08208~2022,5
P80000722~2020,H4GA01039~2020,2
P80000722~2020,S2AZ00380~2022,1
P80000722~2020,H4MO08162~2022,3
P80000722~2020,H4NC05146~2022,2
P80000722~2020,H2OK04055~2022,1
P80000722~2020,H0FL03175~2022,2
P80000722~2020,S2CO00209~2022,3
P80000722~2020,H8NY01148~2022,12
P80000722~2020,H0CA08135~2022,2
P80000722~2020,S0KS00349~2020,2
P80000722~2020,S2CO00225~2022,2
P80000722~2020,H2MO07143~2022,3
P80000722~2020,S2AL00202~2022,3
P80000722~2020,H0NY18172~2020,5
P80000722~2020,H0CT03155~2020,7
P80000722~2020,S2AL00145~2022,51
P80000722~2020,H0FL08208~2020,4
P80000722~2020,H0WV01072~2022,14
P80000722~2020,S2GA00209~2022,3
P80000722~2020,H2CA37023~2022,3
P80000722~2020,S0AL00206~2020,5
P80000722~2020,H8MD01094~2020,6
P80000722~2020,H6KY01110~2022,1
P80000722~2020,H0SC03077~2020,2
P80000722~2020,H8TX22107~2020,1
P80000722~2020,H6MI01226~2022,13
P80000722~2020,H2OH03067~2022,6
P80000722~2020,S2OH00386~2022,3
P80000722~2020,H8WV03097~2022,3
P80000722~2020,H0IN07256~2020,1
P80000722~2020,H2CA45125~2022,2
P80000722~2020,H4NE01064~2022,2
P80000722~2020,H0NH01290~2020,2
P80000722~2020,H0VA09055~2020,2
P80000722~2020,H0WI07101~2022,5
P80000722~2020,H0FL04140~2022,3
P80000722~2020,H2FL07156~2022,2
P80000722~2020,H0MN02134~2022,2
P80000722~2020,H0FL07143~2020,1
P80000722~2020,H0NC03172~2020,5
P80000722~2020,H0TX04219~2022,1
P80000722~2020,H6TX02079~2022,11
P80000722~2020,H0CA48024~2022,3
P80000722~2020,H0IL15129~2022,2
P80000722~2020,H2NY01158~2022,4
P80000722~2020,H0PA05094~2020,2
P80000722~2020,H0PA06167~2020,3
P80000722~2020,H0TX11230~2022,5
P80000722~2020,H0VA07125~2020,1
P80000722~2020,H6GA03113~2022,2
P80000722~2020,S2OH00436~2022,12
P80000722~2020,H8NJ04014~2020,6
P80000722~2020,H2OH07175~2022,1
P80000722~2020,H0NY17208~2020,4
P80000722~2020,H0SD01094~2020,3
P80000722~2020,H0FL19221~2020,3
P80000722~2020,H0AZ01259~2022,3
P80000722~2020,H8SD01055~2022,10
P80000722~2020,H0NC03172~2022,3
P80000722~2020,H8KS04112~2020,3
P80000722~2020,H4TX04153~2020,3
P80000722~2020,H0WI07101~2020,5
P80000722~2020,H0NJ05174~2020,2
P80000722~2020,S2AZ00331~2022,6
P80000722~2020,H0MI02094~2020,4
P80000722~2020,H0CA03128~2020,1
P80000722~2020,H8TX27049~2020,2
P80000722~2020,H8MO09153~2020,1
P80000722~2020,H0IN05243~2020,2
P80000722~2020,H2CO08095~2022,1
P80000722~2020,H0FL13133~2022,3
P80000722~2020,H2WA08182~2022,1
P80000722~2020,H0OH18077~2020,3
P80000722~2020,S2UT00344~2022,29
P80000722~2020,H0CA45129~2020,1
P80000722~2020,H0LA05120~2020,6
P80000722~2020,H2RI01202~2022,2
P80000722~2020,H0MN04197~2020,2
P80000722~2020,H2NJ11160~2022,1
P80000722~2020,H0OK05213~2020,1
P80000722~2020,H2FL25018~2020,1
P80000722~2020,S2PA00554~2022,4
P80000722~2020,H8SC05158~2022,1
P80000722~2020,H2OH15145~2022,14
P80000722~2020,H2VA07162~2022,1
P80000722~2020,H6PA16320~2020,2
P80000722~2020,H4NC10047~2020,2
P80000722~2020,S4OR00156~2020,3
P80000722~2020,H0UT01205~2022,3
P80000722~2020,H2GA10216~2022,1
P80000722~2020,S0OH00133~2022,4
P80000722~2020,H0MO06073~2022,1
P80000722~2020,H0NY10112~2020,1
P80000722~2020,H2AZ02352~2022,4
P80000722~2020,H8PA10147~2020,2
P80000722~2020,H0MI10295~2020,1
P80000722~2020,H6LA04138~2020,1
P80000722~2020,H0AL02178~2020,5
P80000722~2020,H2TX14149~2020,2
P80000722~2020,H8SC04250~2022,2
P80000722~2020,H0IN02190~2022,2
P80000722~2020,H0WI05113~2022,1
P80000722~2020,H2FL21074~2022,1
P80000722~2020,H8CA04152~2020,1
P80000722~2020,H0FL15104~2022,2
P80000722~2020,H6TX12060~2022,2
P80000722~2020,H0AZ04535~2020,5
P80000722~2020,H0FL03209~2020,3
P80000722~2020,H0PA12181~2020,3
P80000722~2020,H8TX02141~2020,1
P80000722~2020,H0FL19213~2020,1
P80000722~2020,H4MI04126~2022,4
P80000722~2020,H0MA07054~2020,3
P80000722~2020,H2CA22199~2022,1
P80000722~2020,H2TX33040~2020,3
P80000722~2020,H8NJ04014~2022,15
P80000722~2020,H0FL19171~2020,3
P80000722~2020,H6PA16320~2022,1
P80000722~2020,H8OK01157~2020,1
P80000722~2020,H2NJ11137~2022,1
P80000722~2020,H0KS01198~2020,8
P80000722~2020,H0CA48156~2020,1
P80000722~2020,H2AZ02360~2022,4
P80000722~2020,H2MA02077~2022,1
P80000722~2020,H2TX18207~2022,1
P80000722~2020,H0VA09055~2022,2
P80000722~2020,H0PA12181~2022,3
P80000722~2020,H0NY29054~2020,10
P80000722~2020,H2CA16134~2022,1
P80000722~2020,H8TX16166~2020,1
P80000722~2020,H8SD01055~2020,5
P80000722~2020,H0OR02168~2020,5
P80000722~2020,H2GA06123~2022,4
P80000722~2020,H2MO04173~2022,1
P80000722~2020,H0CA40138~2020,1
P80000722~2020,H2TX26093~2020,3
P80000722~2020,H0NY11094~2020,3
P80000722~2020,H8MN08043~2022,1
P80000722~2020,H2CO03260~2022,37
P80000722~2020,H8CA04152~2022,1
P80000722~2020,H8TX27080~2022,1
P80000722~2020,H2CT05222~2022,2
P80000722~2020,H2ME02212~2022,1
P80000722~2020,H2PA05074~2022,1
P80000722~2020,H8WI01156~2022,1
P80000722~2020,H2TX26093~2022,2
P80000722~2020,H0UT01171~2020,1
P80000722~2020,H8TX06233~2020,2
P80000722~2020,H2NY25082~2022,2
P80000722~2020,H2TX20096~2022,1
P80000722~2020,H2NC05157~2022,1
P80000722~2020,H0MA04259~2020,1
P80000722~2020,H0GA05277~2020,1
P80000722~2020,H0NC02158~2020,1
P80000722~2020,H0CA06170~2022,1
P80000722~2020,H2WY01040~2022,2
P80000722~2020,H8TX21307~2022,3
P80000722~2020,H2PA04226~2022,1
P80000722~2020,H2VA10216~2022,1
P80000722~2020,H4NJ01118~2020,1
P80000722~2020,H0TX22310~2020,2
P80000722~2020,H0CT05234~2020,1
P80000722~2020,H0TX17195~2020,2
P80000722~2020,H2IA03093~2022,1
P80000722~2020,H0HI01298~2020,1
P80000722~2020,H2PA17111~2022,1
P80000722~2020,H8PA13125~2022,1
P80000722~2020,H8PA05071~2020,2
P80000722~2020,H2MA02085~2022,2
P80000722~2020,H2FL13279~2022,2
P80000722~2020,H0IN08114~2022,1
P80000722~2020,H0KY05015~2022,1
P80000722~2020,H0FL13141~2020,1
P80000722~2020,H2NJ03258~2022,2
P80000722~2020,H0KS01123~2022,2
P80000722~2020,S2IA00131~2022,1
P80000722~2020,H2TX08166~2022,1
P80000722~2020,H2CO08079~2022,2
P80000722~2020,H8ID02064~2020,4
P80000722~2020,H6OH08315~2022,3
P80000722~2020,H0TX23268~2020,2
P80000722~2020,H2WA04173~2022,1
P80000722~2020,H2TX08208~2022,1
P80000722~2020,H0NV04080~2020,1
P80000722~2020,H0NC06241~2020,1
P80000722~2020,H0IN05334~2020,1
P80000722~2020,H6NE03115~2020,1
P80000722~2020,H0NJ03211~2020,13
P80000722~2020,H0NC03149~2020,1
P80000722~2020,H4GA02078~2020,1
P80000722~2020,H8OH16124~2022,5
P80000722~2020,H8OK01157~2022,1
P80000722~2020,H0FL19189~2020,2
P80000722~2020,H0UT01155~2020,1
P80000722~2020,H0IN05250~2020,6
P80000722~2020,H2NC11221~2022,1
P80000722~2020,H0NY04149~2020,1
P80000722~2020,H0AZ02265~2020,1
P80000722~2020,H2CA26133~2022,1
P80000722~2020,H2MO04207~2022,1
P80000722~2020,H2NH02245~2022,1
P80000722~2020,H2GA14101~2022,2
P80000722~2020,H2AL03032~2020,1
P80000722~2020,H0NY29054~2022,4
P80000722~2020,H2NY23145~2022,1
P80000722~2020,H0NV03124~2020,1
P80000722~2020,H0PA03271~2020,1
P80000722~2020,H2AL05128~2022,1
P80000722~2020,H2WA03118~2022,1
P80000722~2020,H0AL01089~2020,1
P80000722~2020,S4OR00156~2022,1
P80000722~2020,S0GA00641~2020,1
P80000722~2020,H0NY27132~2020,1
P80000722~2020,H2MA09239~2022,2
P80000722~2020,H2GA14093~2022,18
P80000722~2020,H0CA15247~2020,2
P80000722~2020,H2MA04115~2022,2
P80000722~2020,H2MO07168~2022,1
P80000722~2020,H8PA13125~2020,1
P80000722~2020,H0IN01242~2020,1
P80000722~2020,H0CT04229~2020,1
P80000722~2020,H0IA04152~2020,1
P80000722~2020,H0NJ10232~2020,2
P80000722~2020,H8NJ02182~2020,1
P80000722~2020,H6KY01110~2020,1
P80000722~2020,H2NY23137~2022,2
P80000722~2020,H8MD01094~2022,1
P80000722~2020,H8WI04069~2020,1
P80000722~2020,H2TX17092~2022,1
P80000722~2020,S2NY00440~2022,2
P80000722~2020,H2OR05183~2022,1
P80000722~2020,H6IN09176~2022,1
P80000722~2020,H2TX28123~2022,3
P80000722~2020,H2NY04160~2022,3
P80000722~2020,H0AL02194~2020,1
P80000722~2020,H2MI08162~2022,1
P80000722~2020,H0FL23108~2020,1
P80000722~2020,H0PA08197~2020,1
P80000722~2020,H2TN07103~2022,1
P80000722~2020,H8OH15076~2022,1
P80000722~2020,S4NJ00250~2020,1
P80000722~2020,H2CT05230~2022,1
P80000722~2020,H0HI02221~2020,1
P80000722~2020,H0MI10303~2020,1
P80000722~2020,H0PA17107~2020,1
P80000722~2020,H0TX22211~2020,1
P80000722~2020,H2NC07161~2022,1
P80000722~2020,H8MA02116~2020,1
P80000722~2020,H0FL21136~2020,1
P80000722~2020,S0KS00364~2020,1
P80000722~2020,H0OR03166~2020,1
P80000722~2020,H2FL03189~2022,1
P80000722~2020,H2SC07231~2022,1
P80000722~2020,S2NY00390~2022,1
P80000722~2020,H0MD04152~2020,1
P80000722~2020,H0FL10097~2022,1
P80001571~2020,S0DE00092~2020,12
P80001571~2020,P00010298~2020,779
P80001571~2020,S0NC00202~2020,329
P80001571~2020,S2FL00631~2022,47
P80001571~2020,H0CA27085~2020,132
P80001571~2020,P00009621~2020,839
P80001571~2020,P60007168~2020,2462
P80001571~2020,H0TX21148~2020,62
P80001571~2020,S0GA00559~2020,649
P80001571~2020,S6PA00274~2022,51
P80001571~2020,P80000722~2020,3837
P80001571~2020,S0KY00339~2020,611
P80001571~2020,S0ME00111~2020,375
P80001571~2020,S4MI00355~2020,257
P80001571~2020,P00010454~2020,54
P80001571~2020,S0SC00289~2020,945
P80001571~2020,H0TX03112~2020,3
P80001571~2020,H8NY15148~2020,362
P80001571~2020,S0CO00575~2020,266
P80001571~2020,S0AZ00350~2020,571
P80001571~2020,S0KS00323~2020,182
P80001571~2020,H8NY19181~2022,1
P80001571~2020,H8CA05035~2022,72
P80001571~2020,S0IA00176~2020,255
P80001571~2020,S0AL00156~2020,205
P80001571~2020,H8CA10167~2020,18
P80001571~2020,S0MT00173~2020,283
P80001571~2020,H8SC01116~2020,31
P80001571~2020,P00009290~2020,148
P80001571~2020,H8NY21245~2020,64
P80001571~2020,H8GA07201~2020,10
P80001571~2020,S0ID00180~2020,16
P80001571~2020,H8MN05239~2020,147
P80001571~2020,H8VA07094~2020,28
P80001571~2020,S0GA00559~2022,161
P80001571~2020,S0NM00074~2020,2
P80001571~2020,H0CA22102~2020,52
P80001571~2020,H2CA15094~2022,5
P80001571~2020,S8GA00180~2020,666
P80001571~2020,H0NJ08129~2020,3
P80001571~2020,S0AK00196~2020,128
P80001571~2020,H0MN08156~2020,4
P80001571~2020,H0MI06152~2020,6
P80001571~2020,H6GA05217~2020,64
P80001571~2020,H8AZ08083~2020,30
P80001571~2020,S8MS00287~2020,86
P80001571~2020,H8GA06393~2020,38
P80001571~2020,P80006117~2020,544
P80001571~2020,H0NY17174~2020,27
P80001571~2020,H8VA02111~2020,25
P80001571~2020,S6VA00093~2020,43
P80001571~2020,H0VA05145~2020,31
P80001571~2020,H6PA16338~2020,2
P80001571~2020,P00009910~2020,1432
P80001571~2020,P00009423~2020,255
P80001571~2020,H8CA45130~2020,141
P80001571~2020,H0OH04093~2020,28
P80001571~2020,S0TX00233~2020,247
P80001571~2020,S0NM00058~2020,73
P80001571~2020,H8IA04106~2020,23
P80001571~2020,P00009092~2020,199
P80001571~2020,S4MA00028~2020,66
P80001571~2020,S8OR00207~2020,33
P80001571~2020,S0KY00420~2020,73
P80001571~2020,S8TX00459~2020,15
P80001571~2020,H8MA07032~2022,5
P80001571~2020,H8CA05035~2020,311
P80001571~2020,H8IA03124~2020,17
P80001571~2020,H8TX23121~2020,28
P80001571~2020,P00011338~2020,62
P80001571~2020,H8CA50098~2020,50
P80001571~2020,S0WY00152~2020,12
P80001571~2020,P00009795~2020,176
P80001571~2020,H8CA09060~2020,8
P80001571~2020,H8CA12262~2020,73
P80001571~2020,P00006486~2020,1874
P80001571~2020,S4NJ00185~2020,55
P80001571~2020,H8IL06139~2020,12
P80001571~2020,S2WA00189~2022,8
P80001571~2020,P00011833~2020,65
P80001571~2020,H8IL07103~2020,3
P80001571~2020,S0AZ00350~2022,51
P80001571~2020,S0LA00311~2020,2
P80001571~2020,H8TX25159~2020,15
P80001571~2020,H0TX03120~2020,9
P80001571~2020,H0WV01114~2020,4
P80001571~2020,H4FL20023~2022,4
P80001571~2020,H0CA25154~2020,37
P80001571~2020,H0GA09170~2020,3
P80001571~2020,P00011999~2020,82
P80001571~2020,H0SC02061~2020,22
P80001571~2020,P00012716~2020,585
P80001571~2020,H0PA01325~2020,5
P80001571~2020,H0OH15149~2020,1
P80001571~2020,H2CA31125~2020,35
P80001571~2020,H0KS01214~2020,1
P80001571~2020,P00010793~2020,87
P80001571~2020,H0MI03316~2020,8
P80001571~2020,H8ME01120~2020,1
P80001571~2020,H0MD05183~2020,16
P80001571~2020,H2PA17079~2020,17
P80001571~2020,H8FL26039~2020,30
P80001571~2020,H8CA48035~2020,20
P80001571~2020,S0OK00370~2020,17
P80001571~2020,H8AZ01104~2020,16
P80001571~2020,S0IA00168~2020,9
P80001571~2020,H0MI02201~2020,1
P80001571~2020,H8WA08189~2020,10
P80001571~2020,S2OH00402~2022,16
P80001571~2020,H0TX31097~2020,22
P80001571~2020,H6WA07458~2020,21
P80001571~2020,H2AZ07070~2020,13
P80001571~2020,S8MN00578~2020,40
P80001571~2020,H6AZ01199~2020,12
P80001571~2020,S0TN00342~2020,22
P80001571~2020,H8UT04053~2020,15
P80001571~2020,H8NY15148~2022,75
P80001571~2020,H0NV02209~2020,2
P80001571~2020,H0MA01081~2020,35
P80001571~2020,H8TN02176~2020,1
P80001571~2020,H8CA25074~2020,11
P80001571~2020,H0NY14346~2020,1952
P80001571~2020,H8VA11062~2022,4
P80001571~2020,H4CA12055~2020,31
P80001571~2020,H2IL17071~2020,24
P80001571~2020,H8NY19181~2020,14
P80001571~2020,H2CA23155~2022,2
P80001571~2020,H0AZ08072~2020,4
P80001571~2020,H8IA01094~2020,17
P80001571~2020,H8NJ07223~2020,10
P80001571~2020,S0NH00219~2020,83
P80001571~2020,S0ID00149~2020,1
P80001571~2020,H0CA22094~2020,4
P80001571~2020,H4PA13199~2020,5
P80001571~2020,H0CA34131~2020,8
P80001571~2020,H0NC02125~2020,6
P80001571~2020,H0OH04101~2020,6
P80001571~2020,H0TX28077~2020,42
P80001571~2020,H0NY15277~2020,32
P80001571~2020,H2CA15094~2020,17
P80001571~2020,H0CA49113~2020,2
P80001571~2020,H8IL14174~2020,18
P80001571~2020,H0NY16143~2020,60
P80001571~2020,H8NJ11142~2020,22
P80001571~2020,H0CA53123~2020,2
P80001571~2020,H6MD08457~2022,1
P80001571~2020,H8TX10110~2020,27
P80001571~2020,H0CA23167~2020,20
P80001571~2020,S0CO00435~2020,1
P80001571~2020,H8NE02220~2020,48
P80001571~2020,H8PA15229~2020,17
P80001571~2020,H0TX24175~2020,22
P80001571~2020,H8MI13250~2020,96
P80001571~2020,H0SC05056~2020,4
P80001571~2020,H8OK05109~2020,18
P80001571~2020,H8NC13067~2020,4
P80001571~2020,H0CA27085~2022,18
P80001571~2020,H8MT01232~2020,12
P80001571~2020,H8LA03060~2020,7
P80001571~2020,H0NC08254~2020,35
P80001571~2020,H0WA10034~2020,5
P80001571~2020,S6OR00110~2022,2
P80001571~2020,H0TX02106~2020,20
P80001571~2020,H0NJ05208~2020,18
P80001571~2020,H2CA36439~2020,19
P80001571~2020,P00011254~2020,91
P80001571~2020,H8TX22313~2020,11
P80001571~2020,H8MO01143~2020,26
P80001571~2020,S6NV00200~2022,16
P80001571~2020,H8MI08102~2020,17
P80001571~2020,S0TX00258~2020,5
P80001571~2020,H0AR02206~2020,14
P80001571~2020,H0OH03103~2020,8
P80001571~2020,H8CA49058~2020,14
P80001571~2020,H0KY06179~2020,14
P80001571~2020,H0TN09129~2020,3
P80001571~2020,H2GA14044~2022,20
P80001571~2020,H8CA10126~2022,6
P80001571~2020,H0RI01073~2022,2
P80001571~2020,H8CO03192~2020,17
P80001571~2020,H8CO06229~2020,16
P80001571~2020,S2NC00497~2022,3
P80001571~2020,H0OH04085~2022,8
P80001571~2020,H0WA10075~2020,18
P80001571~2020,H0PA16034~2020,3
P80001571~2020,H2TX03266~2022,1
P80001571~2020,S0CO00518~2020,4
P80001571~2020,H8CA45130~2022,19
P80001571~2020,H8NM02248~2020,22
P80001571~2020,H0TX02080~2020,4
P80001571~2020,H0CA04175~2020,10
P80001571~2020,H0AZ01358~2020,3
P80001571~2020,S0GA00393~2020,12
P80001571~2020,H8CA01257~2020,13
P80001571~2020,H0CA53107~2020,27
P80001571~2020,H0NY01186~2020,16
P80001571~2020,H6IL08147~2020,52
P80001571~2020,H8FL27193~2020,21
P80001571~2020,H8MA07032~2020,49
P80001571~2020,H2OH17109~2020,9
P80001571~2020,H8MI11254~2020,12
P80001571~2020,H8NV03036~2020,1
P80001571~2020,H0CA22110~2022,1
P80001571~2020,H0RI01073~2020,8
P80001571~2020,H8NY09158~2020,2
P80001571~2020,H0WA10018~2020,6
P80001571~2020,S0AR00200~2020,2
P80001571~2020,H8NJ03206~2020,18
P80001571~2020,H0NC11175~2020,11
P80001571~2020,H0NY10070~2020,13
P80001571~2020,H0IL10377~2020,1
P80001571~2020,H0WA06099~2020,3
P80001571~2020,H8WA03198~2020,12
P80001571~2020,H8TX32098~2020,16
P80001571~2020,H2NY17071~2020,7
P80001571~2020,H8FL01107~2020,20
P80001571~2020,H8CA10126~2020,18
P80001571~2020,H8AK00140~2020,18
P80001571~2020,H0IA02156~2020,14
P80001571~2020,H2CA00120~2020,8
P80001571~2020,H0MI01229~2020,2
P80001571~2020,H0NY03075~2020,1
P80001571~2020,S0MA00208~2020,81
P80001571~2020,H0NM03110~2020,42
P80001571~2020,H6MN02131~2020,14
P80001571~2020,H0NJ02171~2020,12
P80001571~2020,H0PA10110~2020,11
P80001571~2020,S0LA00386~2020,29
P80001571~2020,H0FL19106~2020,6
P80001571~2020,P00010520~2020,24
P80001571~2020,S6IL00292~2022,10
P80001571~2020,H0FL18207~2020,9
P80001571~2020,H0GA07208~2020,17
P80001571~2020,S6NH00091~2022,8
P80001571~2020,H4FL15155~2020,10
P80001571~2020,H0IN05219~2020,9
P80001571~2020,H4MI12079~2020,8
P80001571~2020,H8GA06393~2022,1
P80001571~2020,H8PR00054~2020,3
P80001571~2020,S0GA00468~2020,14
P80001571~2020,H8CO06229~2022,2
P80001571~2020,S8NY00082~2022,11
P80001571~2020,H2PA17079~2022,5
P80001571~2020,H0FL23082~2020,35
P80001571~2020,H8NY11113~2020,28
P80001571~2020,P00012567~2020,21
P80001571~2020,H0TX24167~2020,19
P80001571~2020,H0MN05210~2020,376
P80001571~2020,H8TX10185~2020,3
P80001571~2020,H8NH01210~2020,12
P80001571~2020,H2NV04011~2020,8
P80001571~2020,H4CA35031~2020,7
P80001571~2020,H2CA23148~2022,2
P80001571~2020,H8MN03143~2020,4
P80001571~2020,H8ME02185~2020,14
P80001571~2020,H8IL13150~2020,7
P80001571~2020,H0NY02192~2020,17
P80001571~2020,H8PA06087~2020,8
P80001571~2020,H2NC11155~2022,3
P80001571~2020,H6FL13205~2020,6
P80001571~2020,H0FL16094~2020,10
P80001571~2020,S2MO00528~2022,10
P80001571~2020,S0CO00286~2020,22
P80001571~2020,S8TN00311~2020,8
P80001571~2020,H8IL03102~2020,28
P80001571~2020,H8NJ11142~2022,2
P80001571~2020,H8NY24090~2020,8
P80001571~2020,H0OH01081~2020,7
P80001571~2020,H6IL08147~2022,8
P80001571~2020,H8MN05239~2022,17
P80001571~2020,H2CO03211~2022,16
P80001571~2020,H8NM01331~2020,7
P80001571~2020,H2NY12197~2022,4
P80001571~2020,H8NJ03206~2022,5
P80001571~2020,H8AZ05154~2020,5
P80001571~2020,H0TX01108~2020,10
P80001571~2020,H0NY15160~2020,17
P80001571~2020,H0OH10116~2020,5
P80001571~2020,S0ME00103~2020,7
P80001571~2020,H0OH04085~2020,5
P80001571~2020,H8CA49058~2022,1
P80001571~2020,S2PA00398~2022,4
P80001571~2020,H2CA06259~2020,2
P80001571~2020,H4TX09095~2020,4
P80001571~2020,H8IL09067~2020,1
P80001571~2020,H2WI02124~2020,27
P80001571~2020,H2TX23082~2022,3
P80001571~2020,H8MN01279~2020,4
P80001571~2020,P00006213~2020,178
P80001571~2020,H8PA04116~2020,4
P80001571~2020,H0TX25131~2020,2
P80001571~2020,S0DE00175~2020,7
P80001571~2020,H0NY12175~2020,5
P80001571~2020,H4NY11138~2020,3
P80001571~2020,H0FL03183~2020,10
P80001571~2020,H0CA25170~2020,11
P80001571~2020,H0VA01235~2020,17
P80001571~2020,H0WA08046~2020,2
P80001571~2020,H2NY22139~2020,13
P80001571~2020,H2MN07014~2020,4
P80001571~2020,H4VA08224~2020,4
P80001571~2020,S0MT00090~2020,5
P80001571~2020,H2GA14051~2022,2
P80001571~2020,H0KS02196~2020,4
P80001571~2020,H8MA08170~2020,1
P80001571~2020,H0FL18199~2020,2
P80001571~2020,H0OH01099~2020,10
P80001571~2020,H2IL10068~2020,12
P80001571~2020,H2FL14053~2020,4
P80001571~2020,S6RI00163~2020,3
P80001571~2020,H8MO01143~2022,8
P80001571~2020,H0FL04157~2020,4
P80001571~2020,H8TX07140~2020,11
P80001571~2020,H0IL01178~2020,1
P80001571~2020,H2TX23082~2020,9
P80001571~2020,S0TX00266~2020,6
P80001571~2020,P00011866~2020,7
P80001571~2020,H0MA04184~2020,2
P80001571~2020,H8WI05165~2020,4
P80001571~2020,H0WV02179~2020,4
P80001571~2020,H8NY22151~2020,19
P80001571~2020,H6CO07023~2020,4
P80001571~2020,S0IA00150~2020,7
P80001571~2020,S0IA00200~2020,9
P80001571~2020,H2OH03125~2020,4
P80001571~2020,H2TX35011~2020,4
P80001571~2020,H2NY22139~2022,2
P80001571~2020,H0CA22102~2022,4
P80001571~2020,H8CA39174~2020,15
P80001571~2020,H0HI02155~2020,15
P80001571~2020,H2CA36439~2022,2
P80001571~2020,H0CA53131~2020,1
P80001571~2020,H8VA07094~2022,1
P80001571~2020,H8KS03155~2020,21
P80001571~2020,H8NY12129~2020,3
P80001571~2020,H8MI08102~2022,4
P80001571~2020,H0CA08101~2020,3
P80001571~2020,H8VA10106~2020,12
P80001571~2020,H8TN04107~2020,1
P80001571~2020,H6CO01141~2020,3
P80001571~2020,H0KY04117~2020,4
P80001571~2020,S0KY00321~2020,15
P80001571~2020,H2AZ02329~2022,2
P80001571~2020,H2MD02160~2020,4
P80001571~2020,H8IL14067~2020,2
P80001571~2020,H0IN03248~2020,1
P80001571~2020,H0MI01211~2020,2
P80001571~2020,P00014407~2020,18
P80001571~2020,H0NJ06206~2020,5
P80001571~2020,P00012054~2020,73
P80001571~2020,H0NJ04151~2020,4
P80001571~2020,H8TX32098~2022,1
P80001571~2020,H8AL03062~2020,1
P80001571~2020,H0TN05382~2020,5
P80001571~2020,S0CT00177~2022,4
P80001571~2020,H2SC02042~2020,8
P80001571~2020,S4HI00136~2022,2
P80001571~2020,H2OH17109~2022,3
P80001571~2020,H0AR03105~2020,1
P80001571~2020,H0NE01120~2020,3
P80001571~2020,H8GA07201~2022,1
P80001571~2020,H0NY16143~2022,4
P80001571~2020,H6OR04047~2022,3
P80001571~2020,H2IL17071~2022,4
P80001571~2020,S6IL00151~2020,89
P80001571~2020,H8MI11254~2022,5
P80001571~2020,S0TX00290~2020,5
P80001571~2020,S0CO00211~2022,4
P80001571~2020,H0TN01092~2020,10
P80001571~2020,H0MI06186~2020,3
P80001571~2020,H8NC08109~2020,1
P80001571~2020,H8IL06139~2022,3
P80001571~2020,H6TX15162~2020,1
P80001571~2020,H6NV04020~2020,11
P80001571~2020,H0MA04218~2020,4
P80001571~2020,H0WA10059~2020,1
P80001571~2020,H0TX26121~2020,1
P80001571~2020,H8NJ07223~2022,2
P80001571~2020,H0MA08045~2020,2
P80001571~2020,H6OR04047~2020,18
P80001571~2020,H2CA00120~2022,2
P80001571~2020,H2IL10068~2022,1
P80001571~2020,H0NY16135~2020,1
P80001571~2020,H0ID01311~2020,3
P80001571~2020,H8NY25113~2020,1
P80001571~2020,H4MA03022~2020,3
P80001571~2020,S0CO00500~2020,6
P80001571~2020,H8CT05245~2020,2
P80001571~2020,H0OH12179~2020,4
P80001571~2020,H6VT00160~2020,10
P80001571~2020,H0MI07150~2020,6
P80001571~2020,H8GA10197~2020,1
P80001571~2020,H0WI01104~2020,1
P80001571~2020,H8NJ02166~2020,13
P80001571~2020,H6CA46116~2020,6
P80001571~2020,H0WA05125~2020,2
P80001571~2020,H2WA06129~2020,4
P80001571~2020,H0MA04176~2020,3
P80001571~2020,H2NY17071~2022,1
P80001571~2020,H0OH14084~2020,6
P80001571~2020,H0FL08224~2020,1
P80001571~2020,H6WA07458~2022,2
P80001571~2020,H8CA48035~2022,3
P80001571~2020,H6NJ05171~2020,9
P80001571~2020,H0MO02254~2020,12
P80001571~2020,H8TX14120~2020,1
P80001571~2020,H0OR01186~2020,4
P80001571~2020,H0IL13066~2020,1
P80001571~2020,S2NC00356~2022,7
P80001571~2020,H2NY10092~2020,3
P80001571~2020,H0NH02181~2020,9
P80001571~2020,H0GA14097~2020,2
P80001571~2020,H8NY19058~2020,14
P80001571~2020,H8TX31033~2020,1
P80001571~2020,H4MA03022~2022,3
P80001571~2020,H0NY01202~2020,5
P80001571~2020,H0NY05070~2020,9
P80001571~2020,H8MI13250~2022,10
P80001571~2020,H0GA11036~2020,1
P80001571~2020,H8MA03106~2022,5
P80001571~2020,H8MN03143~2022,1
P80001571~2020,H6MD03292~2020,2
P80001571~2020,H0NM03185~2020,3
P80001571~2020,H2NY14037~2022,3
P80001571~2020,H6MD07160~2020,3
P80001571~2020,H0FL15088~2020,5
P80001571~2020,H0IL12092~2020,2
P80001571~2020,H0CA03078~2020,5
P80001571~2020,S2WI00359~2022,1
P80001571~2020,H0NY15160~2022,6
P80001571~2020,H4AZ07043~2020,10
P80001571~2020,H8NY25105~2022,1
P80001571~2020,H0NM03102~2020,15
P80001571~2020,S0SD00070~2020,7
P80001571~2020,H0MA04143~2020,6
P80001571~2020,H4NJ01084~2020,6
P80001571~2020,H4CA33119~2022,4
P80001571~2020,H6DE00206~2020,6
P80001571~2020,H8VA05114~2020,4
P80001571~2020,H8CA10167~2022,1
P80001571~2020,H0NC09286~2020,1
P80001571~2020,S2CA00955~2022,7
P80001571~2020,H2AZ06221~2022,1
P80001571~2020,H4CA12055~2022,1
P80001571~2020,H0MO05182~2020,2
P80001571~2020,H8IN06152~2020,1
P80001571~2020,H0NY17265~2020,7
P80001571~2020,H8NY27176~2020,2
P80001571~2020,H2CA31125~2022,5
P80001571~2020,H8CO02160~2020,5
P80001571~2020,H6NC04037~2020,2
P80001571~2020,H2GA14028~2022,2
P80001571~2020,H6FL08213~2022,1
P80001571~2020,H2CA39136~2022,6
P80001571~2020,H4MO05234~2020,2
P80001571~2020,H2CA43245~2020,2
P80001571~2020,H6NV04020~2022,3
P80001571~2020,H0OH02139~2020,1
P80001571~2020,H8FL11130~2020,1
P80001571~2020,S0WI00247~2022,1
P80001571~2020,H2NC02238~2022,1
P80001571~2020,H6FL13205~2022,4
P80001571~2020,H2NY10092~2022,2
P80001571~2020,H0IL03109~2020,6
P80001571~2020,H8MI09118~2020,6
P80001571~2020,H8CA09060~2022,1
P80001571~2020,H8KS03155~2022,2
P80001571~2020,H6MN02131~2022,2
P80001571~2020,H0MI03282~2020,1
P80001571~2020,H0CT03072~2020,3
P80001571~2020,H6VA01117~2020,1
P80001571~2020,H8CA22154~2020,3
P80001571~2020,H6WI03099~2020,6
P80001571~2020,H2OR01133~2020,5
P80001571~2020,H2NY11124~2022,2
P80001571~2020,H0TX18250~2020,2
P80001571~2020,H6MD07020~2020,2
P80001571~2020,H8PA07200~2020,5
P80001571~2020,H2NV04011~2022,2
P80001571~2020,H6NJ05171~2022,3
P80001571~2020,H8TX17149~2020,2
P80001571~2020,H6PA02171~2022,1
P80001571~2020,S2PA00463~2022,6
P80001571~2020,H4FL20023~2020,10
P80001571~2020,H2MI05119~2022,1
P80001571~2020,H6AZ01199~2022,1
P80001571~2020,H4CA16049~2020,2
P80001571~2020,H0MI12168~2020,4
P80001571~2020,H0AL07086~2020,1
P80001571~2020,H0WI07135~2020,2
P80001571~2020,H0WA10042~2020,1
P80001571~2020,H0WI06194~2020,1
P80001571~2020,H8KS04088~2020,2
P80001571~2020,H0CA42217~2020,4
P80001571~2020,H2MD01220~2022,1
P80001571~2020,H0GA05251~2020,2
P80001571~2020,H8AZ01104~2022,1
P80001571~2020,H0MA04192~2020,8
P80001571~2020,H0WA02080~2020,3
P80001571~2020,H6PA02171~2020,2
P80001571~2020,H0OR04099~2020,1
P80001571~2020,H0NY13124~2020,3
P80001571~2020,H8VA11062~2020,4
P80001571~2020,H2TX33073~2020,3
P80001571~2020,H6WA09025~2022,1
P80001571~2020,H8MA03106~2020,6
P80001571~2020,H8CT04172~2020,2
P80001571~2020,H4NJ12149~2020,1
P80001571~2020,H0IN01184~2020,1
P80001571~2020,H0NY24063~2020,2
P80001571~2020,H8CA12098~2020,5
P80001571~2020,H4MA05084~2020,2
P80001571~2020,H0NY06078~2020,1
P80001571~2020,H0NY10096~2020,8
P80001571~2020,H0TX12238~2020,1
P80001571~2020,H0TX06099~2020,1
P80001571~2020,S0GA00419~2020,2
P80001571~2020,H0PA01291~2020,2
P80001571~2020,S2MO00478~2022,2
P80001571~2020,S0KS00307~2020,2
P80001571~2020,H6MD08549~2020,3
P80001571~2020,H0OK05155~2020,1
P80001571~2020,H8IA03124~2022,2
P80001571~2020,S6MD03441~2022,1
P80001571~2020,H6FL13197~2020,1
P80001571~2020,H2CA52089~2020,4
P80001571~2020,H0CA04167~2020,1
P80001571~2020,H8CO02160~2022,2
P80001571~2020,H2FL14053~2022,1
P80001571~2020,H8PA04116~2022,1
P80001571~2020,H0MA10082~2020,1
P80001571~2020,H8NY23183~2020,5
P80001571~2020,H0OK02210~2020,1
P80001571~2020,H0TX22179~2020,2
P80001571~2020,H8CT01046~2022,2
P80001571~2020,H0NM03102~2022,3
P80001571~2020,S0GA00401~2020,6
P80001571~2020,H2CA39078~2020,4
P80001571~2020,H0TX31147~2020,1
P80001571~2020,H6FL07140~2022,4
P80001571~2020,H0TX10216~2020,14
P80001571~2020,H0VA05152~2020,4
P80001571~2020,H0NJ02197~2020,2
P80001571~2020,P00011726~2020,2
P80001571~2020,S0WY00129~2020,2
P80001571~2020,H8IN02177~2020,1
P80001571~2020,H8NH01210~2022,1
P80001571~2020,H0WI01120~2020,4
P80001571~2020,H0IN09179~2020,1
P80001571~2020,H8CA29100~2020,1
P80001571~2020,H6OR03064~2020,2
P80001571~2020,H0MT00116~2020,1
P80001571~2020,H0AL07086~2022,1
P80001571~2020,S2WI00342~2022,4
P80001571~2020,H0TX03104~2020,1
P80001571~2020,H0IL16184~2020,3
P80001571~2020,H8AZ06103~2020,3
P80001571~2020,H2MI05119~2020,4
P80001571~2020,H2CA25218~2022,2
P80001571~2020,H8AZ09040~2022,2
P80001571~2020,H2VA01082~2022,4
P80001571~2020,H0NY15194~2020,9
P80001571~2020,H0MA04168~2020,2
P80001571~2020,H8IL03102~2022,1
P80001571~2020,H0FL19106~2022,1
P80001571~2020,H0RI02139~2020,2
P80001571~2020,H8AZ05154~2022,1
P80001571~2020,H0CA28174~2020,4
P80001571~2020,H0MA04242~2020,8
P80001571~2020,H0IL07175~2020,5
P80001571~2020,H6WI03099~2022,2
P80001571~2020,H0CA33117~2020,2
P80001571~2020,H8AZ09040~2020,3
P80001571~2020,H0FL05147~2020,2
P80001571~2020,H2CA52089~2022,1
P80001571~2020,H0PA01333~2020,1
P80001571~2020,H8PA15229~2022,1
P80001571~2020,H0UT01148~2020,3
P80001571~2020,H4CA33119~2020,3
P80001571~2020,H6FL07140~2020,8
P80001571~2020,H8CA12098~2022,1
P80001571~2020,H4MA06090~2020,1
P80001571~2020,H8MI13243~2020,103
P80001571~2020,H4NJ01084~2022,1
P80001571~2020,H8NJ03073~2020,3
P80001571~2020,H8ME02185~2022,3
P80001571~2020,H2CO03203~2022,1
P80001571~2020,H4MA05084~2022,1
P80001571~2020,H8OH08097~2020,1
P80001571~2020,H8NY06048~2020,1
P80001571~2020,S0WI00247~2020,1
P80001571~2020,H2OR01133~2022,1
P80001571~2020,H0NY17224~2020,9
P80001571~2020,H0OR05096~2020,1
P80001571~2020,H8NY01155~2020,1
P80001571~2020,H0IN01150~2020,5
P80001571~2020,H2FL13220~2022,2
P80001571~2020,H6WA04141~2020,2
P80001571~2020,H0KS01172~2020,5
P80001571~2020,H2CA28113~2022,1
P80001571~2020,H4NY04075~2020,4
P80001571~2020,H0TX08129~2020,2
P80001571~2020,H0NY17273~2020,2
P80001571~2020,H8MO08098~2020,2
P80001571~2020,S4VT00017~2022,2
P80001571~2020,H2WI02124~2022,3
P80001571~2020,H2NV01264~2022,1
P80001571~2020,H8MA02041~2020,9
P80001571~2020,H0CA12129~2020,1
P80001571~2020,H0PA10102~2020,1
P80001571~2020,H2NY13096~2022,4
P80001571~2020,H0MA04200~2020,3
P80001571~2020,H2CO03245~2022,2
P80001571~2020,H2NC11148~2022,1
P80001571~2020,H2AZ07070~2022,1
P80001571~2020,S0CO00567~2020,1
P80001571~2020,H8VA02111~2022,4
P80001571~2020,H6CA44103~2020,4
P80001571~2020,H8NY21203~2020,1
P80001571~2020,H2CT02112~2020,2
P80001571~2020,H8CA34266~2020,4
P80001571~2020,H0NY15244~2020,1
P80001571~2020,H6GA04129~2020,3
P80001571~2020,H0MT00090~2020,2
P80001571~2020,H8VA01303~2020,1
P80001571~2020,H0CO03157~2020,1
P80001571~2020,H2NY14037~2020,9
P80001571~2020,H0CA53099~2020,1
P80001571~2020,H4AZ07043~2022,3
P80001571~2020,S0TX00324~2020,1
P80001571~2020,H8CT01046~2020,2
P80001571~2020,H6FL09179~2020,3
P80001571~2020,H2CA21175~2022,1
P80001571~2020,H0NY09080~2020,2
P80001571~2020,H0CA42233~2020,2
P80001571~2020,H0TX19068~2020,1
P80001571~2020,P00011312~2020,2
P80001571~2020,H8TX16109~2020,8
P80001571~2020,H0TX17138~2020,1
P80001571~2020,H8LA02054~2020,1
P80001571~2020,H4MA06090~2022,3
P80001571~2020,S0WV00249~2020,4
P80001571~2020,H8TX07140~2022,1
P80001571~2020,H0ND01042~2020,1
P80001571~2020,H0TX24159~2020,1
P80001571~2020,H6FL11126~2020,2
P80001571~2020,H4IL03077~2020,57
P80001571~2020,H8FL01107~2022,1
P80001571~2020,H0MD01232~2020,5
P80001571~2020,S2IN00133~2022,1
P80001571~2020,S0CO00484~2020,1
P80001571~2020,H2MI14111~2020,2
P80001571~2020,H4NJ12149~2022,1
P80001571~2020,H0NY17240~2020,2
P80001571~2020,H0VA05178~2020,5
P80001571~2020,H8PA07200~2022,1
P80001571~2020,H0PA10110~2022,1
P80001571~2020,H0NY09098~2020,1
P80001571~2020,H0WV03151~2020,1
P80001571~2020,H0CO01136~2020,2
P80001571~2020,H0CA08150~2020,1
P80001571~2020,H4CA35031~2022,1
P80001571~2020,H2NY01117~2022,2
P80001571~2020,H0NC02083~2020,4
P80001571~2020,H6DE00206~2022,2
P80001571~2020,H4NC12100~2020,1
P80001571~2020,H4NY27076~2020,6
P80001571~2020,H0MN04049~2022,2
P80001571~2020,H8NC11129~2020,1
P80001571~2020,H0NY09114~2020,24
P80001571~2020,H0NY24055~2020,1
P80001571~2020,H6NY03247~2022,2
P80001571~2020,H2NM01144~2022,1
P80001571~2020,H0CA16138~2020,5
P80001571~2020,H8OR05107~2020,6
P80001571~2020,H0IL01186~2020,1
P80001571~2020,H4TX18054~2020,4
P80001571~2020,H2OH14098~2022,1
P80001571~2020,H4PA13199~2022,2
P80001571~2020,H4VA08224~2022,1
P80001571~2020,S0LA00345~2020,2
P80001571~2020,H0NC02117~2020,2
P80001571~2020,H2TN03201~2022,1
P80001571~2020,H2NY06116~2022,3
P80001571~2020,H0CA33117~2022,1
P80001571~2020,H6FL08213~2020,2
P80001571~2020,H0NE02169~2020,2
P80001571~2020,H0GA07323~2020,4
P80001571~2020,H6CA24113~2020,1
P80001571~2020,H2NY00010~2020,3
P80001571~2020,H6GA04129~2022,1
P80001571~2020,H2VI00082~2022,1
P80001571~2020,H0NM03151~2020,1
P80001571~2020,H0WI06186~2020,1
P80001571~2020,H0NY14304~2020,33
P80001571~2020,H0NM03136~2020,4
P80001571~2020,H2MD05536~2022,1
P80001571~2020,H0TX13152~2020,1
P80001571~2020,S0CO00534~2020,2
P80001571~2020,H6FL13189~2022,1
P80001571~2020,S0ME00145~2020,3
P80001571~2020,H0IN01143~2020,1
P80001571~2020,H6CA44103~2022,1
P80001571~2020,H0NY17190~2020,1
P80001571~2020,H4WI04183~2022,1
P80001571~2020,H0CA53073~2020,1
P80001571~2020,H0TX27087~2020,1
P80001571~2020,H0CA10289~2020,3
P80001571~2020,H8MI09118~2022,3
P80001571~2020,H0WY01036~2020,1
P80001571~2020,H0NJ10208~2020,1
P80001571~2020,H0CA15213~2020,2
P80001571~2020,H8IL09067~2022,1
P80001571~2020,H0PA14138~2020,2
P80001571~2020,H2FL10200~2022,2
P80001571~2020,H4MI12079~2022,2
P80001571~2020,H0IL07167~2020,1
P80001571~2020,H0CA16112~2020,1
P80001571~2020,H2NY06116~2020,5
P80001571~2020,H2GA14036~2022,1
P80001571~2020,H0NY09080~2022,1
P80001571~2020,H0MN04049~2020,1
P80001571~2020,H4WI04183~2020,1
P80001571~2020,S0NE00072~2020,1
P80001571~2020,H6NJ08118~2020,2
P80001571~2020,H0TN04278~2020,1
P80001571~2020,H2FL20134~2022,1
P80001571~2020,H2PA03129~2022,2
P80001571~2020,H0CA12111~2020,4
P80001571~2020,H0MA04192~2022,2
P80001571~2020,H0CO05129~2020,1
P80001571~2020,H0NY15269~2020,5
P80001571~2020,H0NY09106~2020,1
P80001571~2020,H0CT03072~2022,1
P80001571~2020,S2UT00302~2022,1
P80001571~2020,H0PA01309~2020,1
P80001571~2020,H0TN07255~2020,2
P80001571~2020,H2NY13096~2020,2
P80001571~2020,H2GA02031~2020,1
P80001571~2020,H6VA04061~2020,1
P80001571~2020,H0NY17281~2020,1
P80001571~2020,H2MD05155~2020,1
P80001571~2020,H8NJ03073~2022,1
P80001571~2020,H0CA32101~2020,9
P80001571~2020,H6NJ08118~2022,4
P80001571~2020,H0PA02091~2022,1
P80001571~2020,H0NM03078~2020,5
P80001571~2020,H6CO07023~2022,1
P80001571~2020,S2NC00471~2022,1
P80001571~2020,H0TX18284~2020,11
P80001571~2020,H0TN01050~2020,1
P80001571~2020,H2NY00010~2022,1
P80001571~2020,H0AL01105~2020,1
P80001571~2020,H0CA53081~2020,1
P80001571~2020,S0MA00166~2020,6
P80001571~2020,H6FL11126~2022,2
P80001571~2020,S2WI00334~2022,1
P80001571~2020,S0KS00224~2020,1
P80001571~2020,H0NJ04128~2020,1
P80001571~2020,H2CA00104~2020,2
P80001571~2020,H0FL21144~2020,1
P80001571~2020,H0NC11175~2022,1
P80001571~2020,H4CA23011~2022,1
P80001571~2020,H0WI01112~2020,1
P80001571~2020,H0NY15186~2020,17
P80001571~2020,H4NY27076~2022,2
P80001571~2020,H0TX31121~2020,5
P80001571~2020,H0NY13108~2020,1
P80001571~2020,H0GA05327~2020,7
P80001571~2020,H0TX22161~2020,1
P80001571~2020,H0TX18268~2020,3
P80001571~2020,H2CA28113~2020,2
P80001571~2020,H0NY15251~2020,1
P80001571~2020,S2PA00455~2022,1
P80001571~2020,H0FL06111~2020,1
P80001571~2020,H0TN01043~2020,1
P80001571~2020,H2TX00015~2020,1
P80001571~2020,H2MD05155~2022,1
P80001571~2020,S0GA00583~2020,1
P80001571~2020,H0OH10132~2020,1
P80001571~2020,H0CA53230~2020,1
P80001571~2020,H0MN04171~2020,1
P80001571~2020,H6MD07020~2022,1
P80001571~2020,H6MD04209~2020,3
P80001571~2020,H0MN05228~2020,5
P80001571~2020,H8GU01020~2020,1
P80001571~2020,P00008946~2020,1
P80001571~2020,H0TX31089~2020,1
P80001571~2020,H0CO04197~2022,2
P80001571~2020,H0NE02185~2020,1
P80001571~2020,H2CA39078~2022,1
P80001571~2020,H0MO01066~2020,2
P80001571~2020,H0NY14338~2020,15
P80001571~2020,H0MO06180~2020,1
P80001571~2020,H0RI02295~2020,1
P80001571~2020,H2HI02128~2020,9
P80001571~2020,H0IL05096~2020,3
P80001571~2020,H0CA32341~2020,2
P80001571~2020,H2VA05083~2022,1
P80001571~2020,H2TX28081~2022,1
P80001571~2020,S0CO00559~2020,1
P80001571~2020,H4PA18131~2020,2
P80001571~2020,H0NY03059~2020,2
P80001571~2020,H6NY03247~2020,1
P80001571~2020,H4TX18054~2022,1
P80001571~2020,H2TX27190~2020,1
P80001571~2020,H0CA07129~2020,1
P80001571~2020,H0NY12183~2020,1
P80001571~2020,H8TX16109~2022,2
P80001571~2020,H0NJ09184~2020,1
P80001571~2020,H0TN05317~2020,1
P80001571~2020,H6NJ13191~2020,1
P80001571~2020,H2IL01042~2022,1
P80001571~2020,H6CA24303~2020,1
P80001571~2020,H0NY15285~2020,1
P80001571~2020,S0OK00321~2020,1
P80001571~2020,H0GA01052~2020,1
P80001571~2020,H4NY04075~2022,1
P80001571~2020,H2AR03283~2022,1
P80001571~2020,H2VI00082~2020,2
P80001571~2020,H0NY16168~2020,2
P80001571~2020,H6FL09179~2022,1
P80001571~2020,H0NJ08145~2020,1
P80001571~2020,H2MD02160~2022,1
P80001571~2020,H2NJ10154~2020,2
P80001571~2020,H6NJ13191~2022,1
P80001571~2020,H0CA10149~2020,1
P80001571~2020,S0TX00316~2020,1
P80001571~2020,H0DC00058~2020,1
P80001571~2020,H2TN05131~2020,1
P80001571~2020,H2MA08074~2022,1
P80001571~2020,H2CA50026~2022,1
P80001571~2020,H2CA18130~2022,1
P80001571~2020,H8VA10189~2022,1
P80001571~2020,H2GA02031~2022,1
P80001571~2020,H4NC01046~2022,1
P80001571~2020,H2CA25226~2022,1
P80001571~2020,H0MN05244~2020,1
P80001571~2020,H2NJ02201~2022,2
P80001571~2020,H0CO05137~2020,1
P80001571~2020,P00005439~2020,1
P80001571~2020,H0PA05086~2020,1
